Market,Year,Month,Media Type,Handle Time (seconds),Interactions
SOUTH CA,2026,4,message,281016,1006
SOUTH CA,2026,4,voice,1584684,8323
SOUTH CA,2026,5,email,2422,23
SOUTH CA,2026,5,message,259279,1034
SOUTH CA,2026,5,voice,1247085,6461
SOUTHWEST,2025,6,message,22904,199
SOUTHWEST,2025,6,voice,1533794,6052
SOUTHWEST,2025,7,message,16581,110
SOUTHWEST,2025,7,voice,1748582,6454
SOUTHWEST,2025,8,message,17039,101
SOUTHWEST,2025,8,voice,1428787,5269
SOUTHWEST,2025,9,callback,66,1
SOUTHWEST,2025,9,message,49792,220
SOUTHWEST,2025,9,voice,1411880,5527
SOUTHWEST,2025,10,callback,181,7
SOUTHWEST,2025,10,email,311,1
SOUTHWEST,2025,10,message,26983,164
SOUTHWEST,2025,10,voice,1576498,6809
SOUTHWEST,2025,11,message,25776,194
SOUTHWEST,2025,11,voice,1213615,5171
SOUTHWEST,2025,12,callback,22,2
SOUTHWEST,2025,12,message,23401,172
SOUTHWEST,2025,12,voice,1412674,5290
SOUTHWEST,2026,1,message,35253,181
SOUTHWEST,2026,1,voice,1406995,5375
SOUTHWEST,2026,2,message,46007,192
SOUTHWEST,2026,2,voice,1345503,5181
SOUTHWEST,2026,3,message,44007,145
SOUTHWEST,2026,3,voice,1518455,5986
SOUTHWEST,2026,4,callback,16,1
SOUTHWEST,2026,4,message,50564,179
SOUTHWEST,2026,4,voice,1433927,5308
SOUTHWEST,2026,5,message,34653,224
SOUTHWEST,2026,5,voice,1275280,4787
TAMPA,2025,6,callback,78,6
TAMPA,2025,6,email,606457,702
TAMPA,2025,6,message,86873,811
TAMPA,2025,6,voice,1383453,8129
TAMPA,2025,7,callback,51,5
TAMPA,2025,7,email,634228,610
TAMPA,2025,7,message,137526,816
TAMPA,2025,7,voice,1474541,8015
TAMPA,2025,8,callback,71,1
TAMPA,2025,8,email,710820,665
TAMPA,2025,8,message,131925,1019
TAMPA,2025,8,voice,1374032,7072
TAMPA,2025,9,email,720379,525
TAMPA,2025,9,message,83465,551
TAMPA,2025,9,voice,1366368,7399
TAMPA,2025,10,callback,1550,14
TAMPA,2025,10,email,756488,493
TAMPA,2025,10,message,86461,631
TAMPA,2025,10,voice,1334424,8065
TAMPA,2025,11,callback,6,1
TAMPA,2025,11,email,407162,279
TAMPA,2025,11,message,59512,365
TAMPA,2025,11,voice,1073935,6534
TAMPA,2025,12,email,426141,568
TAMPA,2025,12,message,106750,601
TAMPA,2025,12,voice,1203898,7138
TAMPA,2026,1,callback,107,2
TAMPA,2026,1,email,728002,604
TAMPA,2026,1,message,105467,687
TAMPA,2026,1,voice,1341146,7654
TAMPA,2026,2,callback,790,5
TAMPA,2026,2,email,906259,723
TAMPA,2026,2,message,123396,742
TAMPA,2026,2,voice,1246636,7554
TAMPA,2026,3,callback,45,1
TAMPA,2026,3,email,930348,758
TAMPA,2026,3,message,114561,625
TAMPA,2026,3,voice,1368368,7912
TAMPA,2026,4,email,919436,683
TAMPA,2026,4,message,126151,612
TAMPA,2026,4,voice,1316252,7313
TAMPA,2026,5,callback,54,2
TAMPA,2026,5,email,924011,676
TAMPA,2026,5,message,162379,579
TAMPA,2026,5,voice,1030791,5831
MIAMI,2026,4,email,3988,63
MIAMI,2026,4,message,5001,15
MIAMI,2026,4,voice,936424,4966
MIAMI,2026,5,email,1920,53
MIAMI,2026,5,message,595,8
MIAMI,2026,5,voice,639454,3896
NORTH AL,2025,6,callback,39,5
NORTH AL,2025,6,email,26370,226
NORTH AL,2025,6,voice,672448,5280
NORTH AL,2025,7,callback,20,3
NORTH AL,2025,7,email,14405,211
NORTH AL,2025,7,voice,679348,5166
NORTH AL,2025,8,callback,113,3
NORTH AL,2025,8,email,11459,233
NORTH AL,2025,8,voice,612398,4568
NORTH AL,2025,9,callback,15,2
NORTH AL,2025,9,email,9785,168
NORTH AL,2025,9,voice,558361,4234
NORTH AL,2025,10,callback,26,4
NORTH AL,2025,10,email,13775,236
NORTH AL,2025,10,voice,590281,4505
NORTH AL,2025,11,callback,130,14
NORTH AL,2025,11,email,10392,171
NORTH AL,2025,11,voice,616548,4397
NORTH AL,2025,12,callback,271,25
NORTH AL,2025,12,email,5607,103
NORTH AL,2025,12,voice,482717,3584
NORTH AL,2026,1,callback,174,11
NORTH AL,2026,1,email,8263,110
NORTH AL,2026,1,voice,415751,3077
NORTH AL,2026,2,callback,45,6
NORTH AL,2026,2,email,4228,104
NORTH AL,2026,2,voice,516668,3849
NORTH AL,2026,3,callback,446,23
NORTH AL,2026,3,email,10016,181
NORTH AL,2026,3,voice,647717,4588
NORTH AL,2026,4,callback,147,8
NORTH AL,2026,4,email,6748,193
NORTH AL,2026,4,voice,537382,3946
NORTH AL,2026,5,callback,43,7
NORTH AL,2026,5,email,8212,84
NORTH AL,2026,5,voice,482739,3402
NORTH CA,2025,6,callback,226,37
NORTH CA,2025,6,email,27179,95
NORTH CA,2025,6,message,77163,701
NORTH CA,2025,6,voice,2159228,13194
NORTH CA,2025,7,callback,221,26
NORTH CA,2025,7,email,39903,126
NORTH CA,2025,7,message,120503,722
NORTH CA,2025,7,voice,2337263,13648
NORTH CA,2025,8,callback,291,20
NORTH CA,2025,8,email,23070,90
NORTH CA,2025,8,message,161194,902
NORTH CA,2025,8,voice,2449409,13240
NORTH CA,2025,9,callback,9,1
NORTH CA,2025,9,email,40375,140
NORTH CA,2025,9,message,195847,936
NORTH CA,2025,9,voice,2490450,13116
NORTH CA,2025,10,callback,1253,21
NORTH CA,2025,10,email,33947,124
NORTH CA,2025,10,message,179439,1077
NORTH CA,2025,10,voice,2704962,14388
NORTH CA,2025,11,email,22171,93
NORTH CA,2025,11,message,121127,856
NORTH CA,2025,11,voice,1841463,10236
NORTH CA,2025,12,callback,17,1
NORTH CA,2025,12,email,18737,87
NORTH CA,2025,12,message,150923,1058
NORTH CA,2025,12,voice,2056640,10979
NORTH CA,2026,1,callback,16,2
NORTH CA,2026,1,email,22860,121
NORTH CA,2026,1,message,162230,925
NORTH CA,2026,1,voice,1877762,10544
NORTH CA,2026,2,callback,8,1
NORTH CA,2026,2,email,27926,99
NORTH CA,2026,2,message,160953,964
NORTH CA,2026,2,voice,1647333,9343
NORTH CA,2026,3,callback,993,1
PANAMA CITY,2025,9,voice,206670,1873
PANAMA CITY,2025,10,callback,204,9
PANAMA CITY,2025,10,voice,230991,2060
PANAMA CITY,2025,11,callback,22,4
PANAMA CITY,2025,11,voice,169021,1611
PANAMA CITY,2025,12,callback,19,3
PANAMA CITY,2025,12,voice,187341,1742
PANAMA CITY,2026,1,callback,21,3
PANAMA CITY,2026,1,voice,186777,1731
PANAMA CITY,2026,2,callback,38,6
PANAMA CITY,2026,2,voice,209753,1918
PANAMA CITY,2026,3,callback,16,3
PANAMA CITY,2026,3,voice,227862,2261
PANAMA CITY,2026,4,callback,37,6
PANAMA CITY,2026,4,voice,182731,1889
PANAMA CITY,2026,5,callback,49,8
PANAMA CITY,2026,5,voice,159635,1502
RENO,2025,6,voice,240356,1795
RENO,2025,7,voice,233497,1902
RENO,2025,8,voice,217611,2007
RENO,2025,9,voice,213725,1927
RENO,2025,10,voice,230300,2147
RENO,2025,11,voice,206315,1791
RENO,2025,12,voice,131500,1271
RENO,2026,1,voice,149020,1433
RENO,2026,2,voice,129945,1263
RENO,2026,3,voice,188158,1857
RENO,2026,4,voice,192034,1760
RENO,2026,5,voice,183478,1606
SAN ANTONIO,2025,6,voice,422529,3115
SAN ANTONIO,2025,7,voice,471506,3367
SAN ANTONIO,2025,8,callback,6,1
SAN ANTONIO,2025,8,voice,378836,2749
SAN ANTONIO,2025,9,callback,9,1
SAN ANTONIO,2025,9,voice,360164,2604
SAN ANTONIO,2025,10,callback,151,1
SAN ANTONIO,2025,10,voice,394483,3188
SAN ANTONIO,2025,11,voice,79172,689
SAN ANTONIO,2025,12,voice,69802,699
SAN ANTONIO,2026,1,voice,61376,651
SAN ANTONIO,2026,2,voice,69734,662
SAN ANTONIO,2026,3,voice,55833,629
SAN ANTONIO,2026,4,voice,45123,407
SAN ANTONIO,2026,5,voice,32711,306
SOUTH CA,2025,6,callback,11,1
SOUTH CA,2025,6,email,7081,115
SOUTH CA,2025,6,message,374002,1481
SOUTH CA,2025,6,voice,1504817,8289
SOUTH CA,2025,7,email,11690,123
SOUTH CA,2025,7,message,454718,1821
SOUTH CA,2025,7,voice,1795783,10043
SOUTH CA,2025,8,email,12268,101
SOUTH CA,2025,8,message,378494,1454
SOUTH CA,2025,8,voice,1780469,9630
SOUTH CA,2025,9,email,7004,79
SOUTH CA,2025,9,message,369446,1489
SOUTH CA,2025,9,voice,1771053,9412
SOUTH CA,2025,10,callback,4618,13
SOUTH CA,2025,10,email,16077,98
SOUTH CA,2025,10,message,451250,1769
SOUTH CA,2025,10,voice,1870616,9796
SOUTH CA,2025,11,email,14618,71
SOUTH CA,2025,11,message,252112,931
SOUTH CA,2025,11,voice,1315070,6539
SOUTH CA,2025,12,email,13628,75
SOUTH CA,2025,12,message,331712,1376
SOUTH CA,2025,12,voice,1772662,9357
SOUTH CA,2026,1,email,28440,126
SOUTH CA,2026,1,message,323648,1381
SOUTH CA,2026,1,voice,1738619,8955
SOUTH CA,2026,2,email,21071,89
SOUTH CA,2026,2,message,290514,1195
SOUTH CA,2026,2,voice,1450259,7828
SOUTH CA,2026,3,callback,961,1
SOUTH CA,2026,3,email,6147,44
SOUTH CA,2026,3,message,331654,1293
SOUTH CA,2026,3,voice,1856505,9849
SOUTH CA,2026,4,email,2186,12
JUPITER,2025,6,voice,3849877,19882
JUPITER,2025,7,callback,3891,21
JUPITER,2025,7,email,151535,1223
JUPITER,2025,7,message,211493,633
JUPITER,2025,7,voice,3793372,19902
JUPITER,2025,8,callback,1916,8
JUPITER,2025,8,email,113567,1077
JUPITER,2025,8,message,160952,509
JUPITER,2025,8,voice,3485997,18316
JUPITER,2025,9,callback,3103,12
JUPITER,2025,9,email,113818,1015
JUPITER,2025,9,message,171310,576
JUPITER,2025,9,voice,3390393,18775
JUPITER,2025,10,callback,6961,35
JUPITER,2025,10,email,137006,1178
JUPITER,2025,10,message,180111,689
JUPITER,2025,10,voice,3629526,20555
JUPITER,2025,11,callback,8959,27
JUPITER,2025,11,email,117452,1053
JUPITER,2025,11,message,150727,542
JUPITER,2025,11,voice,2960956,16647
JUPITER,2025,12,callback,7020,26
JUPITER,2025,12,email,120426,1344
JUPITER,2025,12,message,155245,600
JUPITER,2025,12,voice,3228648,17640
JUPITER,2026,1,callback,5997,19
JUPITER,2026,1,email,122305,1311
JUPITER,2026,1,message,149636,510
JUPITER,2026,1,voice,3350106,17978
JUPITER,2026,2,callback,7897,13
JUPITER,2026,2,email,36372,1012
JUPITER,2026,2,message,153617,503
JUPITER,2026,2,voice,3176170,17197
JUPITER,2026,3,callback,215,2
JUPITER,2026,3,email,53108,1188
JUPITER,2026,3,message,139505,534
JUPITER,2026,3,voice,3608932,18983
JUPITER,2026,4,callback,349,4
JUPITER,2026,4,email,56210,944
JUPITER,2026,4,message,154953,581
JUPITER,2026,4,voice,3077883,17684
JUPITER,2026,5,callback,5,1
JUPITER,2026,5,email,39477,1061
JUPITER,2026,5,message,158240,563
JUPITER,2026,5,voice,2580488,13803
MIAMI,2025,6,email,28803,174
MIAMI,2025,6,message,109,1
MIAMI,2025,6,voice,967213,5831
MIAMI,2025,7,email,22406,231
MIAMI,2025,7,message,1630,8
MIAMI,2025,7,voice,881228,5992
MIAMI,2025,8,email,9146,155
MIAMI,2025,8,message,1491,9
MIAMI,2025,8,voice,759435,5149
MIAMI,2025,9,callback,1348,1
MIAMI,2025,9,email,10877,113
MIAMI,2025,9,message,467,9
MIAMI,2025,9,voice,698236,4700
MIAMI,2025,10,email,9734,110
MIAMI,2025,10,message,75,3
MIAMI,2025,10,voice,810611,5244
MIAMI,2025,11,callback,2189,1
MIAMI,2025,11,email,9519,98
MIAMI,2025,11,message,514,7
MIAMI,2025,11,voice,696301,4404
MIAMI,2025,12,email,5186,76
MIAMI,2025,12,message,690,5
MIAMI,2025,12,voice,694837,4453
MIAMI,2026,1,callback,1955,2
MIAMI,2026,1,email,7353,64
MIAMI,2026,1,message,841,6
MIAMI,2026,1,voice,752014,4290
MIAMI,2026,2,email,2989,44
MIAMI,2026,2,message,159,3
MIAMI,2026,2,voice,806655,4524
MIAMI,2026,3,callback,241,1
MIAMI,2026,3,email,5592,96
MIAMI,2026,3,message,1119,10
MIAMI,2026,3,voice,990180,5068
EAST TN,2025,11,voice,456094,4053
EAST TN,2025,12,callback,241,19
EAST TN,2025,12,voice,475066,4290
EAST TN,2026,1,callback,292,23
EAST TN,2026,1,voice,473519,4451
EAST TN,2026,2,callback,480,36
EAST TN,2026,2,voice,438737,4132
EAST TN,2026,3,callback,197,22
EAST TN,2026,3,voice,575753,5524
EAST TN,2026,4,callback,528,20
EAST TN,2026,4,voice,626755,5655
EAST TN,2026,5,callback,211,6
EAST TN,2026,5,voice,584630,5240
FOLEY,2025,6,callback,486,8
FOLEY,2025,6,voice,248890,1767
FOLEY,2025,7,callback,157,2
FOLEY,2025,7,voice,254984,1695
FOLEY,2025,8,callback,73,3
FOLEY,2025,8,voice,255508,1687
FOLEY,2025,9,callback,13,2
FOLEY,2025,9,voice,277099,1913
FOLEY,2025,10,callback,27,4
FOLEY,2025,10,voice,260050,1876
FOLEY,2025,11,callback,13,2
FOLEY,2025,11,voice,185443,1589
FOLEY,2025,12,callback,180,5
FOLEY,2025,12,voice,171704,1470
FOLEY,2026,1,callback,18,2
FOLEY,2026,1,voice,187008,1656
FOLEY,2026,2,callback,23,3
FOLEY,2026,2,voice,206833,1678
FOLEY,2026,3,callback,211,3
FOLEY,2026,3,voice,287468,2127
FOLEY,2026,4,callback,97,5
FOLEY,2026,4,voice,234791,1704
FOLEY,2026,5,callback,121,11
FOLEY,2026,5,voice,183882,1474
HOUSTON,2025,6,callback,13,2
HOUSTON,2025,6,message,336783,854
HOUSTON,2025,6,voice,2020152,10597
HOUSTON,2025,7,callback,43,1
HOUSTON,2025,7,email,15,1
HOUSTON,2025,7,message,358548,853
HOUSTON,2025,7,voice,2119860,11131
HOUSTON,2025,8,callback,22,3
HOUSTON,2025,8,message,356997,783
HOUSTON,2025,8,voice,1945948,11171
HOUSTON,2025,9,email,29,3
HOUSTON,2025,9,message,177255,467
HOUSTON,2025,9,voice,1754282,10916
HOUSTON,2025,10,callback,1024,11
HOUSTON,2025,10,email,1311,12
HOUSTON,2025,10,message,154120,391
HOUSTON,2025,10,voice,1715574,10549
HOUSTON,2025,11,email,1296,15
HOUSTON,2025,11,message,123876,346
HOUSTON,2025,11,voice,1643822,8965
HOUSTON,2025,12,email,1128,6
HOUSTON,2025,12,message,138660,381
HOUSTON,2025,12,voice,1557427,9355
HOUSTON,2026,1,email,1110,9
HOUSTON,2026,1,message,163293,442
HOUSTON,2026,1,voice,1614324,9485
HOUSTON,2026,2,email,312,10
HOUSTON,2026,2,message,146152,484
HOUSTON,2026,2,voice,1756572,10608
HOUSTON,2026,3,email,214,2
HOUSTON,2026,3,message,170437,598
HOUSTON,2026,3,voice,1734000,10965
HOUSTON,2026,4,email,307,6
HOUSTON,2026,4,message,149164,579
HOUSTON,2026,4,voice,1399008,8869
HOUSTON,2026,5,email,1404,5
HOUSTON,2026,5,message,115910,474
HOUSTON,2026,5,voice,1061948,6338
JUPITER,2025,6,callback,9636,45
JUPITER,2025,6,email,171380,1296
JUPITER,2025,6,message,185721,584
ATLANTA,2025,6,callback,15,2
ATLANTA,2025,6,email,16969,461
ATLANTA,2025,6,message,76,8
ATLANTA,2025,6,voice,1074795,8158
ATLANTA,2025,7,callback,36,5
ATLANTA,2025,7,email,18848,511
ATLANTA,2025,7,voice,1152613,9032
ATLANTA,2025,8,callback,30,2
ATLANTA,2025,8,email,16938,436
ATLANTA,2025,8,voice,954388,7957
ATLANTA,2025,9,callback,6,1
ATLANTA,2025,9,email,13594,557
ATLANTA,2025,9,voice,1000595,8079
ATLANTA,2025,10,callback,17,2
ATLANTA,2025,10,email,16898,656
ATLANTA,2025,10,voice,959126,7584
ATLANTA,2025,11,callback,15,2
ATLANTA,2025,11,email,13245,415
ATLANTA,2025,11,voice,850183,6512
ATLANTA,2025,12,callback,39,3
ATLANTA,2025,12,email,8669,330
ATLANTA,2025,12,voice,822769,6105
ATLANTA,2026,1,callback,6,1
ATLANTA,2026,1,email,14007,395
ATLANTA,2026,1,voice,839188,6206
ATLANTA,2026,2,email,21411,538
ATLANTA,2026,2,voice,1039484,7669
ATLANTA,2026,3,callback,9,1
ATLANTA,2026,3,email,19549,522
ATLANTA,2026,3,voice,1118037,8394
ATLANTA,2026,4,email,22469,609
ATLANTA,2026,4,voice,1055579,7791
ATLANTA,2026,5,email,16535,564
ATLANTA,2026,5,voice,814583,5814
CANTONMENT,2025,6,callback,144,26
CANTONMENT,2025,6,voice,402417,3436
CANTONMENT,2025,7,callback,156,23
CANTONMENT,2025,7,voice,338288,3297
CANTONMENT,2025,8,callback,103,16
CANTONMENT,2025,8,voice,323438,2999
CANTONMENT,2025,9,callback,80,14
CANTONMENT,2025,9,voice,336887,2944
CANTONMENT,2025,10,callback,116,25
CANTONMENT,2025,10,voice,369400,3197
CANTONMENT,2025,11,callback,68,13
CANTONMENT,2025,11,voice,282685,2423
CANTONMENT,2025,12,callback,85,18
CANTONMENT,2025,12,voice,299351,2431
CANTONMENT,2026,1,callback,152,31
CANTONMENT,2026,1,voice,346384,2759
CANTONMENT,2026,2,callback,259,38
CANTONMENT,2026,2,voice,366504,2866
CANTONMENT,2026,3,callback,300,72
CANTONMENT,2026,3,voice,385444,3184
CANTONMENT,2026,4,callback,224,48
CANTONMENT,2026,4,voice,376732,2911
CANTONMENT,2026,5,callback,146,32
CANTONMENT,2026,5,voice,287169,2343
CENTRAL AL,2025,6,callback,12,2
CENTRAL AL,2025,6,email,7304,137
CENTRAL AL,2025,6,voice,625892,4580
CENTRAL AL,2025,7,callback,166,4
CENTRAL AL,2025,7,email,6625,186
CENTRAL AL,2025,7,voice,625190,4592
CENTRAL AL,2025,8,callback,65,6
CENTRAL AL,2025,8,email,6750,192
CENTRAL AL,2025,8,voice,560530,4735
CENTRAL AL,2025,9,callback,55,5
CENTRAL AL,2025,9,email,7450,172
CENTRAL AL,2025,9,voice,659423,5038
CENTRAL AL,2025,10,callback,190,7
CENTRAL AL,2025,10,email,10769,235
CENTRAL AL,2025,10,voice,616122,4622
CENTRAL AL,2025,11,callback,197,5
CENTRAL AL,2025,11,email,9661,155
CENTRAL AL,2025,11,voice,650523,4464
CENTRAL AL,2025,12,callback,340,11
CENTRAL AL,2025,12,email,9150,186
NORTH CA,2026,3,email,17884,100
NORTH CA,2026,3,message,142011,966
NORTH CA,2026,3,voice,2006013,11052
NORTH CA,2026,4,callback,159,2
NORTH CA,2026,4,email,25311,100
NORTH CA,2026,4,message,136838,905
NORTH CA,2026,4,voice,1871416,10313
NORTH CA,2026,5,callback,7,1
NORTH CA,2026,5,email,17215,66
NORTH CA,2026,5,message,138156,870
NORTH CA,2026,5,voice,1439795,7543
OPELIKA,2025,6,voice,305775,2126
OPELIKA,2025,7,voice,303211,2014
OPELIKA,2025,8,voice,262141,1965
OPELIKA,2025,9,callback,18,1
OPELIKA,2025,9,voice,297874,1839
OPELIKA,2025,10,callback,152,1
OPELIKA,2025,10,voice,310781,2192
OPELIKA,2025,11,voice,252160,1758
OPELIKA,2025,12,callback,201,6
OPELIKA,2025,12,voice,308680,1929
OPELIKA,2026,1,callback,77,4
OPELIKA,2026,1,voice,301902,1953
OPELIKA,2026,2,callback,148,14
OPELIKA,2026,2,voice,301786,1914
OPELIKA,2026,3,callback,69,4
OPELIKA,2026,3,voice,210145,1630
OPELIKA,2026,4,callback,220,4
OPELIKA,2026,4,voice,173620,1480
OPELIKA,2026,5,voice,177071,1537
ORLANDO,2025,6,callback,967,89
ORLANDO,2025,6,email,64369,563
ORLANDO,2025,6,message,22933,138
ORLANDO,2025,6,voice,1259389,7439
ORLANDO,2025,7,callback,353,31
ORLANDO,2025,7,email,73180,532
ORLANDO,2025,7,message,67264,320
ORLANDO,2025,7,voice,1192309,7431
ORLANDO,2025,8,callback,132,3
ORLANDO,2025,8,email,66079,509
ORLANDO,2025,8,message,71865,274
ORLANDO,2025,8,voice,1009586,6163
ORLANDO,2025,9,email,60561,429
ORLANDO,2025,9,message,80581,289
ORLANDO,2025,9,voice,1000626,6571
ORLANDO,2025,10,callback,4236,15
ORLANDO,2025,10,email,57229,438
ORLANDO,2025,10,message,134521,385
ORLANDO,2025,10,voice,1070911,6942
ORLANDO,2025,11,email,59306,353
ORLANDO,2025,11,message,127449,325
ORLANDO,2025,11,voice,890144,5345
ORLANDO,2025,12,callback,481,4
ORLANDO,2025,12,email,54056,351
ORLANDO,2025,12,message,132517,326
ORLANDO,2025,12,voice,909171,5418
ORLANDO,2026,1,callback,390,1
ORLANDO,2026,1,email,87026,370
ORLANDO,2026,1,message,179893,405
ORLANDO,2026,1,voice,971324,6132
ORLANDO,2026,2,message,160059,367
ORLANDO,2026,2,voice,992952,5939
ORLANDO,2026,3,callback,76,1
ORLANDO,2026,3,message,162934,430
ORLANDO,2026,3,voice,1102070,6700
ORLANDO,2026,4,callback,298,2
ORLANDO,2026,4,message,178260,402
ORLANDO,2026,4,voice,914343,5716
ORLANDO,2026,5,callback,121,2
ORLANDO,2026,5,message,97771,287
ORLANDO,2026,5,voice,760227,4438
PANAMA CITY,2025,6,callback,176,4
PANAMA CITY,2025,6,voice,248547,1922
PANAMA CITY,2025,7,callback,11,2
PANAMA CITY,2025,7,voice,214062,1969
PANAMA CITY,2025,8,callback,32,5
PANAMA CITY,2025,8,voice,211229,1971
PANAMA CITY,2025,9,callback,33,5
CENTRAL AL,2025,12,voice,570702,4152
CENTRAL AL,2026,1,callback,56,9
CENTRAL AL,2026,1,email,10603,199
CENTRAL AL,2026,1,voice,556166,4042
CENTRAL AL,2026,2,callback,93,6
CENTRAL AL,2026,2,email,11137,181
CENTRAL AL,2026,2,voice,549932,3962
CENTRAL AL,2026,3,callback,189,7
CENTRAL AL,2026,3,email,13341,320
CENTRAL AL,2026,3,voice,547486,4268
CENTRAL AL,2026,4,callback,374,14
CENTRAL AL,2026,4,email,14614,432
CENTRAL AL,2026,4,voice,538592,4145
CENTRAL AL,2026,5,callback,372,8
CENTRAL AL,2026,5,email,6823,203
CENTRAL AL,2026,5,voice,455108,3655
DEMOPOLIS,2025,6,callback,13,2
DEMOPOLIS,2025,6,message,2759,7
DEMOPOLIS,2025,6,voice,65437,298
DEMOPOLIS,2025,7,callback,10,2
DEMOPOLIS,2025,7,voice,43900,244
DEMOPOLIS,2025,8,callback,5,1
DEMOPOLIS,2025,8,message,1714,8
DEMOPOLIS,2025,8,voice,50766,216
DEMOPOLIS,2025,9,callback,26,3
DEMOPOLIS,2025,9,message,774,5
DEMOPOLIS,2025,9,voice,57363,271
DEMOPOLIS,2025,10,callback,12,2
DEMOPOLIS,2025,10,message,161,3
DEMOPOLIS,2025,10,voice,60174,244
DEMOPOLIS,2025,11,message,5,1
DEMOPOLIS,2025,11,voice,57600,306
DEMOPOLIS,2025,12,callback,48,1
DEMOPOLIS,2025,12,message,181,1
DEMOPOLIS,2025,12,voice,40529,267
DEMOPOLIS,2026,1,callback,162,3
DEMOPOLIS,2026,1,message,345,3
DEMOPOLIS,2026,1,voice,39063,218
DEMOPOLIS,2026,2,callback,4,1
DEMOPOLIS,2026,2,message,483,3
DEMOPOLIS,2026,2,voice,57354,314
DEMOPOLIS,2026,3,callback,6,1
DEMOPOLIS,2026,3,message,821,6
DEMOPOLIS,2026,3,voice,82362,414
DEMOPOLIS,2026,4,callback,5,1
DEMOPOLIS,2026,4,message,293,3
DEMOPOLIS,2026,4,voice,49463,262
DEMOPOLIS,2026,5,message,1546,8
DEMOPOLIS,2026,5,voice,40491,255
DOTHAN,2025,6,voice,312478,2220
DOTHAN,2025,7,voice,254655,2300
DOTHAN,2025,8,voice,249231,2228
DOTHAN,2025,9,voice,222267,2142
DOTHAN,2025,10,voice,260699,2349
DOTHAN,2025,11,voice,210499,1937
DOTHAN,2025,12,callback,25,4
DOTHAN,2025,12,voice,188442,1715
DOTHAN,2026,1,callback,171,3
DOTHAN,2026,1,voice,215765,1797
DOTHAN,2026,2,callback,91,6
DOTHAN,2026,2,voice,207350,1830
DOTHAN,2026,3,callback,233,13
DOTHAN,2026,3,voice,259990,2219
DOTHAN,2026,4,callback,23,3
DOTHAN,2026,4,voice,209395,1797
DOTHAN,2026,5,callback,40,4
DOTHAN,2026,5,voice,143735,1328
EAST TN,2025,6,callback,938,66
EAST TN,2025,6,voice,654177,5519
EAST TN,2025,7,callback,327,11
EAST TN,2025,7,voice,638135,5210
EAST TN,2025,8,callback,204,11
EAST TN,2025,8,voice,529760,4589
EAST TN,2025,9,callback,94,11
EAST TN,2025,9,voice,514235,4766
EAST TN,2025,10,callback,330,13
EAST TN,2025,10,voice,544747,4846
EAST TN,2025,11,callback,289,16
